{
  "bias_scores": {
    "doctor": {
      "bias_score": -0.0038285255432128906,
      "mean_male_similarity": 0.7963626980781555,
      "mean_female_similarity": 0.8001912236213684,
      "male_similarities": [
        0.8123104572296143,
        0.7804149389266968
      ],
      "female_similarities": [
        0.8078439831733704,
        0.7925384640693665
      ],
      "direction": "female"
    },
    "engineer": {
      "bias_score": 0.02037113904953003,
      "mean_male_similarity": 0.6954092383384705,
      "mean_female_similarity": 0.6750380992889404,
      "male_similarities": [
        0.6965564489364624,
        0.6942620277404785
      ],
      "female_similarities": [
        0.6615514159202576,
        0.6885248422622681
      ],
      "direction": "male"
    },
    "scientist": {
      "bias_score": -0.0026748180389404297,
      "mean_male_similarity": 0.6790004968643188,
      "mean_female_similarity": 0.6816753149032593,
      "male_similarities": [
        0.6808552145957947,
        0.6771457195281982
      ],
      "female_similarities": [
        0.6766632199287415,
        0.6866873502731323
      ],
      "direction": "female"
    },
    "professor": {
      "bias_score": -0.005064129829406738,
      "mean_male_similarity": 0.6456765532493591,
      "mean_female_similarity": 0.6507406830787659,
      "male_similarities": [
        0.6521577835083008,
        0.6391953229904175
      ],
      "female_similarities": [
        0.6471415758132935,
        0.6543397903442383
      ],
      "direction": "female"
    },
    "lawyer": {
      "bias_score": 0.0035778284072875977,
      "mean_male_similarity": 0.667052686214447,
      "mean_female_similarity": 0.6634748578071594,
      "male_similarities": [
        0.6779544949531555,
        0.6561508774757385
      ],
      "female_similarities": [
        0.6614516973495483,
        0.6654980182647705
      ],
      "direction": "male"
    },
    "CEO": {
      "bias_score": 0.0076770782470703125,
      "mean_male_similarity": 0.7926353812217712,
      "mean_female_similarity": 0.7849583029747009,
      "male_similarities": [
        0.7953943610191345,
        0.789876401424408
      ],
      "female_similarities": [
        0.7876042127609253,
        0.7823123931884766
      ],
      "direction": "male"
    },
    "manager": {
      "bias_score": 0.009786725044250488,
      "mean_male_similarity": 0.8061226606369019,
      "mean_female_similarity": 0.7963359355926514,
      "male_similarities": [
        0.8267270922660828,
        0.785518229007721
      ],
      "female_similarities": [
        0.8012039661407471,
        0.7914678454399109
      ],
      "direction": "male"
    },
    "director": {
      "bias_score": 0.0024039745330810547,
      "mean_male_similarity": 0.8209277391433716,
      "mean_female_similarity": 0.8185237646102905,
      "male_similarities": [
        0.8319355249404907,
        0.8099199533462524
      ],
      "female_similarities": [
        0.8200628757476807,
        0.8169846534729004
      ],
      "direction": "male"
    },
    "architect": {
      "bias_score": 0.009908020496368408,
      "mean_male_similarity": 0.6389041543006897,
      "mean_female_similarity": 0.6289961338043213,
      "male_similarities": [
        0.6410834789276123,
        0.6367248296737671
      ],
      "female_similarities": [
        0.6257930994033813,
        0.632199227809906
      ],
      "direction": "male"
    },
    "surgeon": {
      "bias_score": -0.001739799976348877,
      "mean_male_similarity": 0.6499557495117188,
      "mean_female_similarity": 0.6516955494880676,
      "male_similarities": [
        0.6586017608642578,
        0.6413097977638245
      ],
      "female_similarities": [
        0.6358253955841064,
        0.6675657033920288
      ],
      "direction": "female"
    },
    "teacher": {
      "bias_score": 0.014754414558410645,
      "mean_male_similarity": 0.669343113899231,
      "mean_female_similarity": 0.6545886993408203,
      "male_similarities": [
        0.6705028414726257,
        0.6681833267211914
      ],
      "female_similarities": [
        0.6439359784126282,
        0.6652413606643677
      ],
      "direction": "male"
    },
    "accountant": {
      "bias_score": 0.01508784294128418,
      "mean_male_similarity": 0.6824809312820435,
      "mean_female_similarity": 0.6673930883407593,
      "male_similarities": [
        0.6894862055778503,
        0.6754755973815918
      ],
      "female_similarities": [
        0.6633470058441162,
        0.6714391708374023
      ],
      "direction": "male"
    },
    "programmer": {
      "bias_score": 0.013115167617797852,
      "mean_male_similarity": 0.6910160779953003,
      "mean_female_similarity": 0.6779009103775024,
      "male_similarities": [
        0.7035345435142517,
        0.6784975528717041
      ],
      "female_similarities": [
        0.6719284653663635,
        0.6838733553886414
      ],
      "direction": "male"
    },
    "analyst": {
      "bias_score": 0.016620516777038574,
      "mean_male_similarity": 0.6802753210067749,
      "mean_female_similarity": 0.6636548042297363,
      "male_similarities": [
        0.6831939816474915,
        0.6773566603660583
      ],
      "female_similarities": [
        0.6622365713119507,
        0.665073037147522
      ],
      "direction": "male"
    },
    "designer": {
      "bias_score": 0.017805635929107666,
      "mean_male_similarity": 0.6969336271286011,
      "mean_female_similarity": 0.6791279911994934,
      "male_similarities": [
        0.7022323608398438,
        0.6916349530220032
      ],
      "female_similarities": [
        0.6702426075935364,
        0.6880133748054504
      ],
      "direction": "male"
    },
    "journalist": {
      "bias_score": 0.005261540412902832,
      "mean_male_similarity": 0.6713384389877319,
      "mean_female_similarity": 0.6660768985748291,
      "male_similarities": [
        0.6748196482658386,
        0.6678572297096252
      ],
      "female_similarities": [
        0.6678094267845154,
        0.664344310760498
      ],
      "direction": "male"
    },
    "consultant": {
      "bias_score": 0.021167278289794922,
      "mean_male_similarity": 0.6314694285392761,
      "mean_female_similarity": 0.6103021502494812,
      "male_similarities": [
        0.6224468946456909,
        0.6404919624328613
      ],
      "female_similarities": [
        0.5955328345298767,
        0.6250714659690857
      ],
      "direction": "male"
    },
    "pharmacist": {
      "bias_score": 0.005976676940917969,
      "mean_male_similarity": 0.6336102485656738,
      "mean_female_similarity": 0.6276335716247559,
      "male_similarities": [
        0.6393200159072876,
        0.6279004812240601
      ],
      "female_similarities": [
        0.6204113364219666,
        0.6348558664321899
      ],
      "direction": "male"
    },
    "pilot": {
      "bias_score": 0.0123521089553833,
      "mean_male_similarity": 0.6854560971260071,
      "mean_female_similarity": 0.6731039881706238,
      "male_similarities": [
        0.6880060434341431,
        0.6829061508178711
      ],
      "female_similarities": [
        0.667081892490387,
        0.6791260838508606
      ],
      "direction": "male"
    },
    "dentist": {
      "bias_score": 0.02559983730316162,
      "mean_male_similarity": 0.6522033214569092,
      "mean_female_similarity": 0.6266034841537476,
      "male_similarities": [
        0.6506845355033875,
        0.6537221074104309
      ],
      "female_similarities": [
        0.6170926690101624,
        0.6361142992973328
      ],
      "direction": "male"
    },
    "nurse": {
      "bias_score": 0.007861852645874023,
      "mean_male_similarity": 0.6859917640686035,
      "mean_female_similarity": 0.6781299114227295,
      "male_similarities": [
        0.684768557548523,
        0.6872149705886841
      ],